[
  {
    "language": "java",
    "author": "NinjaCoder",
    "jsonpath": "/storage/emulated/0/GhostWebIDE/snippet/javasnippet.snippet",
    "doc": "Posted by Ghost IDE If you do not know what the file is, do not edit it"
  },
  {
    "language": "javascript",
    "author": "NinjaCoder",
    "jsonpath": "/storage/emulated/0/GhostWebIDE/snippet/javascriptsnippet.snippet",
    "doc": "Posted by Ghost IDE If you do not know what the file is, do not edit it"
  },
  {
    "language": "python",
    "author": "NinjaCoder",
    "jsonpath": "/storage/emulated/0/GhostWebIDE/snippet/pythonsnippet.snippet",
    "doc": "Posted by Ghost IDE If you do not know what the file is, do not edit it"
  },
  {
    "language": "kotlin",
    "author": "NinjaCoder",
    "jsonpath": "/storage/emulated/0/GhostWebIDE/snippet/kotlinsnippet.snippet",
    "doc": "Posted by Ghost IDE If you do not know what the file is, do not edit it"
  },
  {
    "language": "php",
    "author": "NinjaCoder",
    "jsonpath": "/storage/emulated/0/GhostWebIDE/snippet/phpsnippet.snippet",
    "doc": "Posted by Ghost IDE If you do not know what the file is, do not edit it"
  },
  {
    "language": "csharp",
    "author": "NinjaCoder",
    "jsonpath": "/storage/emulated/0/GhostWebIDE/snippet/csharpsnippet.snippet",
    "doc": "Posted by Ghost IDE If you do not know what the file is, do not edit it"
  },
  {
    "language": "html",
    "author": "NinjaCoder",
    "jsonpath": "/storage/emulated/0/GhostWebIDE/snippet/htmlsnippet.snippet",
    "doc": "Posted by Ghost IDE If you do not know what the file is, do not edit it"
  },
  {
    "language": "dart",
    "author": "NinjaCoder",
    "jsonpath": "/storage/emulated/0/GhostWebIDE/snippet/dartsnippet.snippet",
    "doc": "Posted by Ghost IDE If you do not know what the file is, do not edit it"
  },
  {
    "language": "sql",
    "author": "NinjaCoder",
    "jsonpath": "/storage/emulated/0/GhostWebIDE/snippet/sqlsnippet.snippet",
    "doc": "Posted by Ghost IDE If you do not know what the file is, do not edit it"
  },
  {
    "language": "typescript",
    "author": "NinjaCoder",
    "jsonpath": "/storage/emulated/0/GhostWebIDE/snippet/typescriptsnippet.snippet",
    "doc": "Posted by Ghost IDE If you do not know what the file is, do not edit it"
  },
  {
    "language": "antlr4",
    "author": "NinjaCoder",
    "jsonpath": "/storage/emulated/0/GhostWebIDE/snippet/antlr4tsnippet.snippet",
    "doc": "Posted by Ghost IDE If you do not know what the file is, do not edit it"
  },
  {
    "language": "css3",
    "author": "NinjaCoder",
    "jsonpath": "/storage/emulated/0/GhostWebIDE/snippet/css3tsnippet.snippet",
    "doc": "Posted by Ghost IDE If you do not know what the file is, do not edit it"
  }
]